<?xml version="1.0" encoding="UTF-8"?>
<project-private xmlns="http://www.netbeans.org/ns/project-private/1">
    <editor-bookmarks xmlns="http://www.netbeans.org/ns/editor-bookmarks/2" lastBookmarkId="0"/>
    <open-files xmlns="http://www.netbeans.org/ns/projectui-open-files/2">
        <group>
            <file>file:/C:/Users/Admin/Documents/Informática/Projetos/NetBeansProjects/ProjetoBiblioteca/ProjetoBiblioteca/src/java/br/com/projetobiblioteca/controller/ListarUsuario.java</file>
            <file>file:/C:/Users/Admin/Documents/Informática/Projetos/NetBeansProjects/ProjetoBiblioteca/ProjetoBiblioteca/src/java/br/com/projetobiblioteca/dao/BibliotecarioDAOImpl.java</file>
            <file>file:/C:/Users/Admin/Documents/Informática/Projetos/NetBeansProjects/ProjetoBiblioteca/ProjetoBiblioteca/src/java/br/com/projetobiblioteca/dao/UsuarioDAOImpl.java</file>
            <file>file:/C:/Users/Admin/Documents/Informática/Projetos/NetBeansProjects/ProjetoBiblioteca/ProjetoBiblioteca/web/logarbibliotecario.jsp</file>
            <file>file:/C:/Users/Admin/Documents/Informática/Projetos/NetBeansProjects/ProjetoBiblioteca/ProjetoBiblioteca/src/java/br/com/projetobiblioteca/controller/LogarBibliotecario.java</file>
            <file>file:/C:/Users/Admin/Documents/Informática/Projetos/NetBeansProjects/ProjetoBiblioteca/ProjetoBiblioteca/web/homebibliotecario.jsp</file>
            <file>file:/C:/Users/Admin/Documents/Informática/Projetos/NetBeansProjects/ProjetoBiblioteca/ProjetoBiblioteca/src/java/br/com/projetobiblioteca/controller/LogarUsuario.java</file>
            <file>file:/C:/Users/Admin/Documents/Informática/Projetos/NetBeansProjects/ProjetoBiblioteca/ProjetoBiblioteca/web/home.jsp</file>
            <file>file:/C:/Users/Admin/Documents/Informática/Projetos/NetBeansProjects/ProjetoBiblioteca/ProjetoBiblioteca/web/logarusuario.jsp</file>
            <file>file:/C:/Users/Admin/Documents/Informática/Projetos/NetBeansProjects/ProjetoBiblioteca/ProjetoBiblioteca/web/carregarusuario.jsp</file>
            <file>file:/C:/Users/Admin/Documents/Informática/Projetos/NetBeansProjects/ProjetoBiblioteca/ProjetoBiblioteca/src/java/br/com/projetobiblioteca/model/Usuario.java</file>
            <file>file:/C:/Users/Admin/Documents/Informática/Projetos/NetBeansProjects/ProjetoBiblioteca/ProjetoBiblioteca/src/java/br/com/projetobiblioteca/dao/PessoaDAOImpl.java</file>
            <file>file:/C:/Users/Admin/Documents/Informática/Projetos/NetBeansProjects/ProjetoBiblioteca/ProjetoBiblioteca/web/cadastrarusuario.jsp</file>
            <file>file:/C:/Users/Admin/Documents/Informática/Projetos/NetBeansProjects/ProjetoBiblioteca/ProjetoBiblioteca/web/index.jsp</file>
            <file>file:/C:/Users/Admin/Documents/Informática/Projetos/NetBeansProjects/ProjetoBiblioteca/ProjetoBiblioteca/src/java/br/com/projetobiblioteca/model/Bibliotecario.java</file>
            <file>file:/C:/Users/Admin/Documents/Informática/Projetos/NetBeansProjects/ProjetoBiblioteca/ProjetoBiblioteca/src/java/br/com/projetobiblioteca/model/Pessoa.java</file>
        </group>
    </open-files>
</project-private>
